year,temp_mean_K,wind_speed_mean_ms,precip_total_mm,location_code,city,country,population,built_up_area_m2,gdp_ppp,hdi,pop_exposed_flood_10yr,co2_emissions_ton,ghg_emissions_ton,nox_emissions_ton,pm25_emissions_ton
1990,289.5397682648402,8.263011801723852,594.4331495180319,-33.9N_18.5E,Cape Town,South Africa,2028241.337,136652367.0,40675841.65,0.711,206.09,7212326.74189682,9070310.7892,25096.37036776,12116.04754163
1991,289.31726141552514,7.360679213792017,460.2230213682422,-33.9N_18.5E,Cape Town,South Africa,2073429.5538,138453452.2,41045690.61,0.7178,209.61,7260609.085189051,9165987.917206211,25366.976158549598,12160.387766542799
1992,289.37251252276866,8.470232466182704,650.79468160029,-33.9N_18.5E,Cape Town,South Africa,2118617.7706,140254537.4,41415539.57,0.7246,213.13,7308891.428481283,9261665.04521242,25637.581949339197,12204.7279914556
1993,289.6740924657534,7.512517814963609,572.0329842586711,-33.9N_18.5E,Cape Town,South Africa,2163805.9874,142055622.6,41785388.53,0.7313999999999999,216.65,7357173.771773513,9357342.17321863,25908.1877401288,12249.0682163684
1994,289.7757671232877,7.520716602788903,432.92154409502183,-33.9N_18.5E,Cape Town,South Africa,2208994.2042,143856707.8,42155237.49,0.7382,220.17,7405456.115065744,9453019.30122484,26178.7935309184,12293.4084412812
1995,289.49872831050226,7.917484508557803,565.99071627952,-33.9N_18.5E,Cape Town,South Africa,2254182.421,145657793.0,42525086.45,0.745,223.69,7453738.458357975,9548696.429231051,26449.399321708,12337.748666194
1996,289.2775535063752,8.159300354397523,737.7648229487484,-33.9N_18.5E,Cape Town,South Africa,2305885.8566,147756373.2,44083842.292,0.737,227.892,7502020.801650207,9644373.55723726,26720.005112497598,12382.0888911068
1997,289.4706552511415,7.877849259159733,590.0931658254583,-33.9N_18.5E,Cape Town,South Africa,2357589.2922,149854953.4,45642598.134,0.729,232.094,7550303.144942437,9740050.68524347,26990.610903287197,12426.4291160196
1998,289.5957214611872,7.7358951159677005,474.59112217036,-33.9N_18.5E,Cape Town,South Africa,2409292.7278,151953533.6,47201353.975999996,0.721,236.296,7598585.488234668,9835727.813249681,27261.2166940768,12470.7693409324
1999,289.91309360730594,7.813030484016849,485.6239665844631,-33.9N_18.5E,Cape Town,South Africa,2460996.1634,154052113.8,48760109.817999996,0.713,240.498,7646867.8315269,9931404.94125589,27531.8224848664,12515.109565845201
2000,289.9951980874317,7.960987385935524,411.58984073494264,-33.9N_18.5E,Cape Town,South Africa,2512699.599,156150694.0,50318865.66,0.705,244.7,7695150.17481913,10027082.0692621,27802.428275656,12559.449790758
2001,289.77386643835615,8.164057438901066,733.3518632176999,-33.9N_18.5E,Cape Town,South Africa,2570160.4655999998,156671969.2,53115095.396,0.7018,250.28199999999998,8523065.088169165,10925896.7914135,33206.1997507468,13910.8012950958
2002,289.7163378995434,7.976981108344808,612.05529672906,-33.9N_18.5E,Cape Town,South Africa,2627621.3322,157193244.4,55911325.132,0.6986,255.864,9350980.001519198,11824711.5135649,38609.9712258376,15262.152799433601
2003,289.74931392694066,7.652663027841442,468.4342235615,-33.9N_18.5E,Cape Town,South Africa,2685082.1988,157714519.6,58707554.868,0.6953999999999999,261.446,10178894.914869232,12723526.2357163,44013.7427009284,16613.5043037714
2004,289.8482695810565,7.098907943171123,535.133963013182,-33.9N_18.5E,Cape Town,South Africa,2742543.0654,158235794.8,61503784.604,0.6921999999999999,267.028,11006809.828219265,13622340.9578677,49417.514176019205,17964.8558081092
2005,289.64554566210046,7.841645083710973,587.3445898441,-33.9N_18.5E,Cape Town,South Africa,2800003.932,158757070.0,64300014.34,0.689,272.61,11834724.7415693,14521155.6800191,54821.28565111,19316.207312447
2006,289.67509474885844,7.64030484384787,482.6037775585873,-33.9N_18.5E,Cape Town,South Africa,2863729.949,159348123.4,65777622.536,0.6946,278.802,11683256.37534596,14404138.159234079,56420.825818406,19455.5066071314
2007,290.0356541095891,8.123827258745457,605.3293673961,-33.9N_18.5E,Cape Town,South Africa,2927455.966,159939176.8,67255230.732,0.7001999999999999,284.994,11531788.00912262,14287120.63844906,58020.365985702,19594.8059018158
2008,289.81844945355186,8.169593119433538,740.0866319850198,-33.9N_18.5E,Cape Town,South Africa,2991181.983,160530230.2,68732838.928,0.7058,291.186,11380319.64289928,14170103.11766404,59619.906152998,19734.1051965002
2009,290.10833904109586,8.460555829878373,754.9787266429437,-33.9N_18.5E,Cape Town,South Africa,3054908.0,161121283.6,70210447.124,0.7113999999999999,297.378,11228851.27667594,14053085.59687902,61219.446320294,19873.4044911846
2010,289.5462705479452,7.849023092966802,595.6429848665,-33.9N_18.5E,Cape Town,South Africa,3118634.017,161712337.0,71688055.32,0.717,303.57,11077382.9104526,13936068.076094,62818.98648759,20012.703785869
2011,289.73872146118725,8.0603796445214,523.779408247272,-33.9N_18.5E,Cape Town,South Africa,3190082.4552,162464012.2,72308610.902,0.7242,310.85,11052466.147893101,13967586.2524926,61719.988892708,20027.177514983
2012,289.810258424408,8.208112137091883,568.1327733533719,-33.9N_18.5E,Cape Town,South Africa,3261530.8934,163215687.4,72929166.484,0.7313999999999999,318.13,11027549.385333601,13999104.428891199,60620.991297826,20041.651244097
2013,289.9757294520548,8.197177949421969,571.4787373960071,-33.9N_18.5E,Cape Town,South Africa,3332979.3316,163967362.6,73549722.066,0.7386,325.41,11002632.6227741,14030622.6052898,59521.993702944,20056.124973210997
2014,290.0172945205479,7.877834708203453,570.0597908848,-33.9N_18.5E,Cape Town,South Africa,3404427.7698,164719037.8,74170277.648,0.7458,332.69,10977715.8602146,14062140.7816884,58422.996108062,20070.598702324998
2015,289.8357488584475,7.605296953533006,447.0653415817551,-33.9N_18.5E,Cape Town,South Africa,3475876.208,165470713.0,74790833.23,0.753,339.97,10952799.0976551,14093658.958087,57323.99851318,20085.072431439
2016,290.1400500910747,7.813667721751201,575.1087441060535,-33.9N_18.5E,Cape Town,South Africa,3475876.208,165470713.0,74790833.23,0.753,339.97,10952799.0976551,14093658.958087,57323.99851318,20085.072431439
2017,289.8645342465753,8.207810723869311,453.388398914636,-33.9N_18.5E,Cape Town,South Africa,3475876.208,165470713.0,74790833.23,0.753,339.97,10952799.0976551,14093658.958087,57323.99851318,20085.072431439
2018,289.9545239726027,7.619548533470532,548.851407261351,-33.9N_18.5E,Cape Town,South Africa,3475876.208,165470713.0,74790833.23,0.753,339.97,10952799.0976551,14093658.958087,57323.99851318,20085.072431439
1990,299.8075582191781,2.5436120024239743,1480.318443886839,17.36N_78.5E,Hyderabad,India,5365642.813,105491828.0,15074750.53,0.624,3962.77,2000996.6307944,9156642.6048,15311.8253823999,16705.105099618
1991,300.6436757990868,2.509252094315593,859.0094812748567,17.36N_78.5E,Hyderabad,India,5488332.7436,110161848.2,15879888.024,0.6234,4405.78,2048829.5584370599,9320845.79433,15707.71682930991,16966.977030618298
1992,300.5409357923497,2.373939058842363,1070.2664026379418,17.36N_78.5E,Hyderabad,India,5611022.6742,114831868.4,16685025.518,0.6228,4848.79,2096662.4860797198,9485048.983860001,16103.60827621992,17228.848961618598
1993,300.29064497716894,2.426146149512827,1208.7552731638955,17.36N_78.5E,Hyderabad,India,5733712.6048,119501888.6,17490163.012000002,0.6222,5291.799999999999,2144495.41372238,9649252.173390001,16499.49972312993,17490.720892618898
1994,300.1027511415525,2.5206908210865637,1352.577184787076,17.36N_78.5E,Hyderabad,India,5856402.5354,124171908.8,18295300.506,0.6216,5734.8099999999995,2192328.34136504,9813455.362920001,16895.39117003994,17752.592823619198
1995,300.1315582191781,2.3022522422312286,1784.6023079755971,17.36N_78.5E,Hyderabad,India,5979092.466,128841929.0,19100438.0,0.621,6177.82,2240161.2690077,9977658.552450001,17291.28261694995,18014.464754619497
1996,300.81354166666665,2.376970509158157,847.9106673994258,17.36N_78.5E,Hyderabad,India,6089202.9434,134742239.0,20456351.406,0.6204,6776.218,2287994.19665036,10141861.74198,17687.17406385996,18276.3366856198
1997,300.10108789954336,2.395441596908613,1021.9742814090158,17.36N_78.5E,Hyderabad,India,6199313.4208,140642549.0,21812264.812,0.6198,7374.616,2335827.12429302,10306064.93151,18083.065510769968,18538.2086166201
1998,300.3611997716895,2.3021126828755327,1009.9167965710141,17.36N_78.5E,Hyderabad,India,6309423.8982,146542859.0,23168178.218000002,0.6192,7973.013999999999,2383660.05193568,10470268.12104,18478.95695767998,18800.0805476204
1999,300.1823778538813,2.512467381024787,1079.6677175189848,17.36N_78.5E,Hyderabad,India,6419534.3756,152443169.0,24524091.624,0.6186,8571.412,2431492.97957834,10634471.31057,18874.84840458999,19061.9524786207
2000,300.3415539617486,2.387054313014123,1145.8908302471707,17.36N_78.5E,Hyderabad,India,6529644.853,158343479.0,25880005.03,0.618,9169.81,2479325.907221,10798674.5001,19270.7398515,19323.824409621
2001,300.5741038812785,2.419556426970958,870.309234259673,17.36N_78.5E,Hyderabad,India,6646668.046,161699463.6,28496394.67,0.6236,9605.264,2587289.4893116,11008614.234339999,19532.0787067,19684.896554578
2002,300.8923127853881,2.598396013578966,969.43246662093,17.36N_78.5E,Hyderabad,India,6763691.239,165055448.2,31112784.31,0.6292,10040.717999999999,2695253.0714022,11218553.96858,19793.417561899998,20045.968699535002
2003,300.4785011415525,2.4884371153507923,1030.322511157,17.36N_78.5E,Hyderabad,India,6880714.432,168411432.8,33729173.95,0.6348,10476.171999999999,2803216.6534928,11428493.70282,20054.7564171,20407.040844492
2004,300.45715619307833,2.450999438369156,820.5440969105,17.36N_78.5E,Hyderabad,India,6997737.625,171767417.4,36345563.589999996,0.6404,10911.626,2911180.2355834,11638433.43706,20316.0952723,20768.112989449
2005,300.27656278538814,2.3798535178079976,1077.9087881638002,17.36N_78.5E,Hyderabad,India,7114760.818,175123402.0,38961953.23,0.646,11347.08,3019143.817674,11848373.1713,20577.4341275,21129.185134406
2006,300.52527397260275,2.3641421846376836,1049.37536908775,17.36N_78.5E,Hyderabad,India,7236498.8186,179316274.4,43182320.37,0.643,11834.288,3407338.3377352,12563447.47524,22516.98074544,22362.233285332382
2007,300.7249303652968,2.3398635119295177,1031.0630983291999,17.36N_78.5E,Hyderabad,India,7358236.8192,183509146.8,47402687.51,0.64,12321.496000000001,3795532.8577964,13278521.77918,24456.52736338,23595.28143625876
2008,300.6031158925319,2.2972877200524926,1229.6838488457697,17.36N_78.5E,Hyderabad,India,7479974.819800001,187702019.2,51623054.65,0.637,12808.704000000002,4183727.3778576003,13993596.08312,26396.073981319998,24828.32958718514
2009,301.36548744292236,2.3545124847556873,1016.7227011306102,17.36N_78.5E,Hyderabad,India,7601712.820400001,191894891.6,55843421.79,0.634,13295.912,4571921.8979188,14708670.38706,28335.62059926,26061.37773811152
2010,301.3808881278539,2.324135238859697,1592.23646622628,17.36N_78.5E,Hyderabad,India,7723450.821,196087764.0,60063788.93,0.631,13783.12,4960116.41798,15423744.691,30275.1672172,27294.4258890379
2011,300.74659360730595,2.304222448315289,777.4065325720655,17.36N_78.5E,Hyderabad,India,7850788.5436,200370936.6,70053061.304,0.6356,14279.550000000001,5041469.301914198,15404825.836,30575.01696088,27504.79656077792
2012,301.0058709016393,2.43520431772747,999.980029627392,17.36N_78.5E,Hyderabad,India,7978126.2662,204654109.2,80042333.678,0.6402,14775.980000000001,5122822.185848396,15385906.980999999,30874.866704559998,27715.16723251794
2013,300.2700730593607,2.5291447894431043,1950.4443551904687,17.36N_78.5E,Hyderabad,India,8105463.9888,208937281.8,90031606.052,0.6448,15272.41,5204175.069782594,15366988.126,31174.71644824,27925.53790425796
2014,300.62525570776256,2.338643918927767,990.4143253490521,17.36N_78.5E,Hyderabad,India,8232801.7114,213220454.4,100020878.426,0.6494,15768.84,5285527.953716792,15348069.271,31474.56619192,28135.90857599798
2015,300.94325000000003,2.207114542144311,1153.1963926503036,17.36N_78.5E,Hyderabad,India,8360139.434,217503627.0,110010150.8,0.654,16265.27,5366880.83765099,15329150.416,31774.4159356,28346.279247738
2016,301.2732422586521,2.4266047919635043,1281.573188925829,17.36N_78.5E,Hyderabad,India,8360139.434,217503627.0,110010150.8,0.654,16265.27,5366880.83765099,15329150.416,31774.4159356,28346.279247738
2017,301.2449269406393,2.258708459508983,860.127929820043,17.36N_78.5E,Hyderabad,India,8360139.434,217503627.0,110010150.8,0.654,16265.27,5366880.83765099,15329150.416,31774.4159356,28346.279247738
2018,301.2055342465753,2.4553767446589516,1033.1929675841848,17.36N_78.5E,Hyderabad,India,8360139.434,217503627.0,110010150.8,0.654,16265.27,5366880.83765099,15329150.416,31774.4159356,28346.279247738
1990,299.8882671232877,5.745178059640922,764.6482721814156,18N_283.2E,Kingston,Jamaica,591193.9493,28234938.0,68225357.4,0.673010372,282.52,2873364.2079914,3184103.12495,14333.062457985,3166.1279081
1991,299.838948630137,5.524543556521935,641.5472161200852,18N_283.2E,Kingston,Jamaica,592639.42372,28296805.0,70677442.088,0.675010372,282.82,2904457.0680305897,3218371.743815,14851.426629764599,3092.24644034
1992,299.7477345173042,5.5251394729043275,595.0351473226821,18N_283.2E,Kingston,Jamaica,594084.89814,28358672.0,73129526.77600001,0.677010372,283.12,2935549.9280697796,3252640.3626800003,15369.790801544199,3018.3649725799996
1993,299.739950913242,5.612803546280097,951.3968054054263,18N_283.2E,Kingston,Jamaica,595530.37256,28420539.0,75581611.464,0.679010372,283.41999999999996,2966642.78810897,3286908.981545,15888.154973323799,2944.48350482
1994,299.9430970319635,5.232121117175817,774.6784641335602,18N_283.2E,Kingston,Jamaica,596975.84698,28482406.0,78033696.15200001,0.681010372,283.71999999999997,2997735.64814816,3321177.60041,16406.5191451034,2870.60203706
1995,299.9325194063927,5.483941595035866,793.247866128605,18N_283.2E,Kingston,Jamaica,598421.3214,28544273.0,80485780.84,0.683010372,284.02,3028828.50818735,3355446.219275,16924.883316883,2796.7205692999996
1996,299.4392474954463,6.061739343797135,880.4379860439241,18N_283.2E,Kingston,Jamaica,599063.2609400001,28609894.8,79258339.822,0.682010372,283.808,3059921.36822654,3389714.83814,17443.2474886626,2722.83910154
1997,300.02537557077625,5.267866625603219,593.9966081463181,18N_283.2E,Kingston,Jamaica,599705.20048,28675516.6,78030898.804,0.681010372,283.596,3091014.2282657297,3423983.457005,17961.6116604422,2648.95763378
1998,300.26000228310505,6.057186930617315,683.344643582499,18N_283.2E,Kingston,Jamaica,600347.14002,28741138.4,76803457.786,0.680010372,283.38399999999996,3122107.08830492,3458252.07587,18479.9758322218,2575.0761660199996
1999,299.6745182648402,5.827708316575791,944.0731429114336,18N_283.2E,Kingston,Jamaica,600989.07956,28806760.2,75576016.768,0.679010372,283.17199999999997,3153199.94834411,3492520.694735,18998.340004001402,2501.1946982599998
2000,299.5633265027322,5.697266776607147,772.0529052878298,18N_283.2E,Kingston,Jamaica,601631.0191,28872382.0,74348575.75,0.678010372,282.96,3184292.8083833,3526789.3136,19516.704175781,2427.3132305
2001,299.7261506849315,6.046494149909494,717.735150024199,18N_283.2E,Kingston,Jamaica,602632.05724,28910299.6,75010212.034,0.683210787,283.11199999999997,3105460.4370395,3450761.098696,18483.8145002434,2332.964491752
2002,299.99108219178083,5.879496546480199,1123.8370527192913,18N_283.2E,Kingston,Jamaica,603633.09538,28948217.2,75671848.318,0.688411202,283.264,3026628.0656957002,3374732.883792,17450.9248247058,2238.615753004
2003,300.1017488584475,5.736121837132808,706.0051486420999,18N_283.2E,Kingston,Jamaica,604634.13352,28986134.8,76333484.602,0.693611617,283.416,2947795.6943519,3298704.6688880003,16418.0351491682,2144.267014256
2004,299.84441484517305,6.2879150000770325,464.373148400801,18N_283.2E,Kingston,Jamaica,605635.17166,29024052.4,76995120.886,0.698812032,283.56800000000004,2868963.3230081,3222676.4539840003,15385.1454736306,2049.918275508
2005,299.8345878995434,5.991116675640374,1209.6736692217,18N_283.2E,Kingston,Jamaica,606636.2098,29061970.0,77656757.17,0.704012447,283.72,2790130.9516643,3146648.23908,14352.255798093,1955.56953676
2006,299.9490308219178,5.861603274254779,923.7703287365123,18N_283.2E,Kingston,Jamaica,607595.34518,29103008.0,77224922.192,0.7088049788,283.762,2587116.6648607403,2942556.9912692,13382.9316522172,1844.4601320539998
2007,300.0339920091324,5.884557437154367,1220.0418622538,18N_283.2E,Kingston,Jamaica,608554.4805599999,29144046.0,76793087.214,0.7135975106,283.80400000000003,2384102.37805718,2738465.7434584,12413.6075063414,1733.350727348
2008,299.89159608378867,5.990285554912713,1006.4187525310382,18N_283.2E,Kingston,Jamaica,609513.61594,29185084.0,76361252.236,0.7183900424,283.846,2181088.09125362,2534374.4956476,11444.2833604656,1622.241322642
2009,299.9085707762557,5.759616551577234,734.1397374585385,18N_283.2E,Kingston,Jamaica,610472.75132,29226122.0,75929417.258,0.7231825742,283.88800000000003,1978073.80445006,2330283.2478368003,10474.9592145898,1511.1319179359998
2010,299.7463196347032,6.145754059845832,1155.734955002185,18N_283.2E,Kingston,Jamaica,611431.8867,29267160.0,75497582.28,0.727975106,283.93,1775059.5176465,2126192.000026,9505.635068714,1400.02251323
2011,299.9161723744292,5.765003075077679,940.5950473112048,18N_283.2E,Kingston,Jamaica,610829.70744,29331053.4,74860407.1,0.7301730316,283.574,1822442.14613814,2175542.0646668,9712.3297117412,1439.498378922
2012,299.9218977686703,5.951062782429313,837.4566386354701,18N_283.2E,Kingston,Jamaica,610227.52818,29394946.8,74223231.92,0.7323709572,283.218,1869824.7746297799,2224892.1293076,9919.0243547684,1478.974244614
2013,300.1889315068493,5.70871809030882,801.8013240322756,18N_283.2E,Kingston,Jamaica,609625.34892,29458840.2,73586056.74,0.7345688828,282.86199999999997,1917207.40312142,2274242.1939484,10125.7189977956,1518.450110306
2014,300.2039817351598,5.621764041851292,652.5065034743391,18N_283.2E,Kingston,Jamaica,609023.16966,29522733.6,72948881.56,0.7367668084,282.506,1964590.0316130598,2323592.2585892,10332.4136408228,1557.925975998
2015,300.38738013698634,5.50602319316285,633.5482444036173,18N_283.2E,Kingston,Jamaica,608420.9904,29586627.0,72311706.38,0.738964734,282.15,2011972.6601047,2372942.32323,10539.10828385,1597.40184169
2016,300.3834653916211,6.120446360797688,678.8672101674281,18N_283.2E,Kingston,Jamaica,608420.9904,29586627.0,72311706.38,0.738964734,282.15,2011972.6601047,2372942.32323,10539.10828385,1597.40184169
2017,300.13673858447487,6.1988956811031635,1221.9949156265031,18N_283.2E,Kingston,Jamaica,608420.9904,29586627.0,72311706.38,0.738964734,282.15,2011972.6601047,2372942.32323,10539.10828385,1597.40184169
2018,300.1204315068493,5.884207880988586,877.6336510240403,18N_283.2E,Kingston,Jamaica,608420.9904,29586627.0,72311706.38,0.738964734,282.15,2011972.6601047,2372942.32323,10539.10828385,1597.40184169
1990,282.74377283105025,3.2173867339265185,1465.3581987212963,40.75N_286.01E,New York City,United States,12169705.06,619121643.0,163911403.8,0.883493661,102899.94,69047826.0028237,73965275.99346,212697.843877986,30675.541579295
1991,282.67993378995436,3.100176394188254,1308.1944817567435,40.75N_286.01E,New York City,United States,12295455.604,622797164.8,167655509.06,0.886493661,104087.124,69727083.51607583,74798917.145727,212656.7376307346,30296.800640315792
1992,280.8308970856102,3.09327562046837,1305.849093188522,40.75N_286.01E,New York City,United States,12421206.148,626472686.6,171399614.32,0.889493661,105274.308,70406341.02932797,75632558.29799397,212615.63138348318,29918.05970133658
1993,281.5192705479452,3.1944325595967484,1302.9981731196053,40.75N_286.01E,New York City,United States,12546956.692,630148208.4,175143719.58,0.892493661,106461.492,71085598.54258011,76466199.45026097,212574.5251362318,29539.31876235737
1994,281.36895205479453,3.2697595989597734,1437.4531223477682,40.75N_286.01E,New York City,United States,12672707.236,633823730.2,178887824.84,0.895493661,107648.676,71764856.05583225,77299840.60252796,212533.41888898038,29160.57782337816
1995,281.78635388127856,3.1149271272246657,1291.547005118213,40.75N_286.01E,New York City,United States,12798457.78,637499252.0,182631930.1,0.898493661,108835.86,72444113.5690844,78133481.75479496,212492.312641729,28781.836884398952
1996,280.953496129326,3.1437172258500086,1592.7712556157728,40.75N_286.01E,New York City,United States,12923352.372,641278326.4,190612692.44,0.9004316364,110042.538,73123371.08233654,78967122.90706193,212451.2063944776,28403.09594541974
1997,280.9548367579909,3.3177036664976947,1280.044326767389,40.75N_286.01E,New York City,United States,13048246.964,645057400.8,198593454.78,0.9023696118,111249.216,73802628.59558868,79800764.05932893,212410.10014722619,28024.355006440528
1998,282.82424657534244,3.096506383593565,1228.796838584642,40.75N_286.01E,New York City,United States,13173141.556,648836475.2,206574217.12,0.9043075872,112455.894,74481886.10884082,80634405.21159592,212368.9938999748,27645.61406746132
1999,282.3004052511415,3.2344156209752564,1241.679459168766,40.75N_286.01E,New York City,United States,13298036.148,652615549.6,214554979.46,0.9062455626,113662.572,75161143.62209296,81468046.3638629,212327.88765272338,27266.87312848211
2000,280.89808060109294,3.2217658676920222,1177.6436845980743,40.75N_286.01E,New York City,United States,13422930.74,656394624.0,222535741.8,0.908183538,114869.25,75840401.1353451,82301687.5161299,212286.781405472,26888.1321895029
2001,282.10274200913244,3.0350786964092316,951.1472209995339,40.75N_286.01E,New York City,United States,13454484.352,658314845.0,225097094.14000002,0.910808855,115291.864,74355110.33691797,80744407.32045992,202815.59963876,26758.26923918332
2002,282.32745662100456,3.181164507849009,1265.1150941591009,40.75N_286.01E,New York City,United States,13486037.964,660235066.0,227658446.48000002,0.913434172,115714.478,72869819.53849082,79187127.12478994,193344.417872048,26628.406288863738
2003,280.9369805936073,3.0970226485827257,1550.2153764519999,40.75N_286.01E,New York City,United States,13517591.576000001,662155287.0,230219798.82,0.916059489,116137.092,71384528.74006368,77629846.92911996,183873.236105336,26498.54333854416
2004,281.2570377959927,3.182365179626732,1294.634842817637,40.75N_286.01E,New York City,United States,13549145.188000001,664075508.0,232781151.16,0.918684806,116559.706,69899237.94163653,76072566.73344998,174402.054338624,26368.68038822458
2005,281.96030593607304,3.0608747704677013,1501.3570787612,40.75N_286.01E,New York City,United States,13580698.8,665995729.0,235342503.5,0.921310123,116982.32,68413947.1432094,74515286.53778,164930.872571912,26238.817437905
2006,282.7836552511415,3.2496488180245118,1379.1738724049535,40.75N_286.01E,New York City,United States,13612546.540000001,667950068.6,238072758.58,0.9238227814000001,117408.032,67033633.556148775,72993164.432844,155683.7673649502,25773.3624944654
2007,281.9394817351598,3.174520288247816,1276.0390375342,40.75N_286.01E,New York City,United States,13644394.280000001,669904408.2,240803013.66,0.9263354398,117833.744,65653319.96908816,71471042.327908,146436.6621579884,25307.9075510258
2008,281.78497609289616,3.0187416969521323,1591.6336483982568,40.75N_286.01E,New York City,United States,13676242.02,671858747.8,243533268.74,0.9288480982,118259.456,64273006.38202754,69948920.222972,137189.5569510266,24842.452607586198
2009,281.2990159817351,3.096668464199202,1320.7229341940301,40.75N_286.01E,New York City,United States,13708089.76,673813087.4,246263523.82,0.9313607566,118685.168,62892692.79496692,68426798.118036,127942.4517440648,24376.9976641466
2010,282.870448630137,3.426410226978328,1349.291638120782,40.75N_286.01E,New York City,United States,13739937.5,675767427.0,248993778.9,0.933873415,119110.88,61512379.2079063,66904676.0131,118695.346537103,23911.542720707
2011,282.51988242009134,3.0684229965551504,1739.7177735594298,40.75N_286.01E,New York City,United States,13775496.708,677451457.4,253954249.12,0.9353860736,119553.982,62033430.82282008,67415150.057988,117989.8701609462,23627.766643295
2012,283.458935564663,3.006926276678181,1186.73093633187,40.75N_286.01E,New York City,United States,13811055.916,679135487.8,258914719.34,0.9368987322,119997.084,62554482.43773386,67925624.10287601,117284.3937847894,23343.990565883
2013,281.6687910958904,3.109151437520922,1259.1957170374014,40.75N_286.01E,New York City,United States,13846615.124,680819518.2,263875189.56,0.9384113908,120440.186,63075534.05264764,68436098.147764,116578.91740863261,23060.214488471
2014,281.2681792237443,3.1590862445197443,1147.054724008838,40.75N_286.01E,New York City,United States,13882174.331999999,682503548.6,268835659.78,0.9399240494,120883.288,63596585.66756142,68946572.192652,115873.4410324758,22776.438411059
2015,282.0590559360731,3.090723265566375,1163.2885142621456,40.75N_286.01E,New York City,United States,13917733.54,684187579.0,273796130.0,0.941436708,121326.39,64117637.2824752,69457046.23754,115167.964656319,22492.662333647
2016,282.96619535519125,3.153442348647959,1064.2165575146855,40.75N_286.01E,New York City,United States,13917733.54,684187579.0,273796130.0,0.941436708,121326.39,64117637.2824752,69457046.23754,115167.964656319,22492.662333647
2017,282.44067694063926,3.1738670477331787,1357.9421960905302,40.75N_286.01E,New York City,United States,13917733.54,684187579.0,273796130.0,0.941436708,121326.39,64117637.2824752,69457046.23754,115167.964656319,22492.662333647
2018,282.32149657534245,3.152285330751998,1618.078592148713,40.75N_286.01E,New York City,United States,13917733.54,684187579.0,273796130.0,0.941436708,121326.39,64117637.2824752,69457046.23754,115167.964656319,22492.662333647
1990,290.44350342465754,4.739365402504177,665.3964529026773,41.9N_12.46E,Rome,Italy,2335681.142,72296029.0,159543256.0,0.804,113649.48,13801325.758575,14885148.95274,27027.3513792,3321.581790521
1991,289.6668926940639,4.90860415181569,815.7473454050036,41.9N_12.46E,Rome,Italy,2336325.3056,73126233.6,161578107.68,0.8104,113677.966,13764830.9364657,14889209.66658999,26692.69008947,3458.6616677182
1992,290.29343920765024,4.788548472588471,661.7834211231201,41.9N_12.46E,Rome,Italy,2336969.4692,73956438.2,163612959.36,0.8168,113706.452,13728336.1143564,14893270.38043998,26358.02879974,3595.7415449154
1993,289.91895547945205,5.0123160868218,618.6577709488334,41.9N_12.46E,Rome,Italy,2337613.6328,74786642.8,165647811.04,0.8232,113734.938,13691841.2922471,14897331.09428997,26023.36751001,3732.8214221126
1994,290.74341095890406,4.920206402726228,595.8025757957158,41.9N_12.46E,Rome,Italy,2338257.7964,75616847.4,167682662.72,0.8296,113763.424,13655346.470137801,14901391.80813996,25688.70622028,3869.9012993098004
1995,289.91156621004563,5.113384186422779,529.863677422882,41.9N_12.46E,Rome,Italy,2338901.96,76447052.0,169717514.4,0.836,113791.91,13618851.6480285,14905452.521989949,25354.04493055,4006.981176507
1996,289.6944774590164,5.236334791526546,907.7449186410907,41.9N_12.46E,Rome,Italy,2329916.5844,77324065.2,173012882.92000002,0.8418,113333.278,13582356.8259192,14909513.23583994,25019.38364082,4144.0610537042
1997,290.39700570776256,4.88708243301275,761.5891002994482,41.9N_12.46E,Rome,Italy,2320931.2088,78201078.4,176308251.44,0.8476,112874.64600000001,13545862.003809901,14913573.94968993,24684.72235109,4281.1409309014
1998,289.9592043378995,5.02805333058168,646.143617343513,41.9N_12.46E,Rome,Italy,2311945.8331999998,79078091.6,179603619.96,0.8533999999999999,112416.014,13509367.1817006,14917634.66353992,24350.06106136,4418.2208080986
1999,290.2601940639269,5.299022640526136,701.7644110882247,41.9N_12.46E,Rome,Italy,2302960.4576,79955104.8,182898988.48,0.8592,111957.382,13472872.359591302,14921695.37738991,24015.39977163,4555.300685295801
2000,290.57481557377054,4.98939813301099,723.508661348088,41.9N_12.46E,Rome,Italy,2293975.082,80832118.0,186194357.0,0.865,111498.75,13436377.537482,14925756.0912399,23680.7384819,4692.380562493
2001,290.44183219178086,5.251635134521296,491.45077741504,41.9N_12.46E,Rome,Italy,2296518.7458,81322587.6,187981835.88,0.871,111604.02,13813525.3142104,15299009.86722792,23534.7501393,5945.6375127874
2002,290.40386757990865,4.84355316811909,724.927246989121,41.9N_12.46E,Rome,Italy,2299062.4096,81813057.2,189769314.76,0.877,111709.29000000001,14190673.090938801,15672263.64321594,23388.7617967,7198.8944630818005
2003,290.70388584474887,5.238437433215828,656.8995907767,41.9N_12.46E,Rome,Italy,2301606.0734,82303526.8,191556793.64000002,0.883,111814.56,14567820.8676672,16045517.41920396,23242.7734541,8452.151413376201
2004,290.20409266848816,4.938236675270223,829.05591708463,41.9N_12.46E,Rome,Italy,2304149.7372,82793996.4,193344272.52,0.889,111919.83,14944968.644395601,16418771.19519198,23096.7851115,9705.408363670602
2005,289.7629429223744,4.781196446059296,844.5067946119001,41.9N_12.46E,Rome,Italy,2306693.401,83284466.0,195131751.4,0.895,112025.1,15322116.421124,16792024.97118,22950.7967689,10958.665313965
2006,290.42373173515983,4.897444105775368,560.7137675248139,41.9N_12.46E,Rome,Italy,2313672.2412,83807409.0,193993049.70000002,0.8974,112339.796,15170750.8359862,16654601.82782,22475.13773802,12508.493700969
2007,290.37963698630136,4.916299383786925,556.1669933617,41.9N_12.46E,Rome,Italy,2320651.0814,84330352.0,192854348.0,0.8998,112654.492,15019385.2508484,16517178.68446,21999.47870714,14058.322087973
2008,290.35581170309655,4.993689826465522,912.1561691267005,41.9N_12.46E,Rome,Italy,2327629.9216,84853295.0,191715646.3,0.9022,112969.18800000001,14868019.6657106,16379755.541100001,21523.819676260002,15608.150474977
2009,290.665600456621,5.124370540073189,954.9898207125125,41.9N_12.46E,Rome,Italy,2334608.7618,85376238.0,190576944.6,0.9046000000000001,113283.884,14716654.080572799,16242332.39774,21048.16064538,17157.978861981
2010,289.9769121004566,5.268814353480011,1020.3883150557999,41.9N_12.46E,Rome,Italy,2341587.602,85899181.0,189438242.9,0.907,113598.58,14565288.495435,16104909.25438,20572.5016145,18707.807248985
2011,290.4926484018265,4.844898931108907,614.3751149174329,41.9N_12.46E,Rome,Italy,2351388.7848,86391603.6,184288719.76,0.9066000000000001,114056.116,14174036.8519888,15677731.01506,19947.05527698,18168.46644613778
2012,290.53303620218577,5.028075118555025,784.51834200628,41.9N_12.46E,Rome,Italy,2361189.9676,86884026.2,179139196.62,0.9062,114513.652,13782785.2085426,15250552.77574,19321.608939460002,17629.125643290557
2013,290.44109360730596,4.947399015260589,800.7869660720631,41.9N_12.46E,Rome,Italy,2370991.1503999997,87376448.8,173989673.48,0.9058,114971.188,13391533.5650964,14823374.536419999,18696.16260194,17089.78484044334
2014,290.9575650684931,4.929640108236904,1032.2035679687,41.9N_12.46E,Rome,Italy,2380792.3331999998,87868871.4,168840150.34,0.9054,115428.724,13000281.9216502,14396196.2971,18070.71626442,16550.44403759612
2015,290.9531803652968,4.752061897041633,735.2599564094126,41.9N_12.46E,Rome,Italy,2390593.516,88361294.0,163690627.2,0.905,115886.26,12609030.278204,13969018.05778,17445.2699269,16011.1032347489
2016,290.86044057377046,4.951895698569966,618.098138342448,41.9N_12.46E,Rome,Italy,2390593.516,88361294.0,163690627.2,0.905,115886.26,12609030.278204,13969018.05778,17445.2699269,16011.1032347489
2017,290.72609018264836,5.089308263856239,411.19392468594003,41.9N_12.46E,Rome,Italy,2390593.516,88361294.0,163690627.2,0.905,115886.26,12609030.278204,13969018.05778,17445.2699269,16011.1032347489
2018,291.2314246575342,5.009273278921579,975.7839324754577,41.9N_12.46E,Rome,Italy,2390593.516,88361294.0,163690627.2,0.905,115886.26,12609030.278204,13969018.05778,17445.2699269,16011.1032347489
1990,289.82196803652965,6.744480247079821,372.3264762545833,43.28N_5.39E,Marseille,France,828468.2743,40929870.0,93345618.93,0.788,925.56,2430192.1525739,2780002.96423,7182.138452718,3639.419562765
1991,288.9614223744292,7.229441520768954,431.2661705276998,43.28N_5.39E,Marseille,France,831032.6678200001,41280380.2,94375685.04800001,0.7954,927.966,2432891.133846318,2787717.7020521,7128.6236320562,3568.5025487597
1992,289.2696846539162,7.116730811339982,425.82420745033,43.28N_5.39E,Marseille,France,833597.06134,41630890.4,95405751.16600001,0.8028,930.372,2435590.115118736,2795432.4398742,7075.1088113944,3497.5855347544
1993,289.03903424657534,7.194280350090396,542.4053142729026,43.28N_5.39E,Marseille,France,836161.45486,41981400.6,96435817.284,0.8102,932.778,2438289.096391154,2803147.1776963,7021.5939907326,3426.6685207491
1994,289.7792899543379,7.27416808818362,431.99129662921956,43.28N_5.39E,Marseille,France,838725.84838,42331910.8,97465883.402,0.8176,935.184,2440988.077663572,2810861.9155184003,6968.0791700708,3355.7515067438003
1995,289.2991164383561,7.365778521964813,361.3879691152,43.28N_5.39E,Marseille,France,841290.2419,42682421.0,98495949.52,0.825,937.59,2443687.0589359896,2818576.6533405,6914.564349409,3284.8344927385
1996,288.872206284153,7.599513355488917,848.5687845790521,43.28N_5.39E,Marseille,France,844590.07712,43044233.0,101475446.256,0.8283999999999999,939.714,2446386.0402084077,2826291.3911626,6861.0495287472,3213.9174787332004
1997,289.9101837899543,6.679579332413982,420.93167754929885,43.28N_5.39E,Marseille,France,847889.91234,43406045.0,104454942.992,0.8318,941.8380000000001,2449085.0214808257,2834006.1289847,6807.5347080854,3143.0004647279
1998,289.11964497716895,7.364531934859582,314.73807592986003,43.28N_5.39E,Marseille,France,851189.7475599999,43767857.0,107434439.728,0.8351999999999999,943.962,2451784.002753244,2841720.8668068,6754.0198874236,3072.0834507226
1999,289.6658755707762,7.573068601924604,535.215506340002,43.28N_5.39E,Marseille,France,854489.5827799999,44129669.0,110413936.464,0.8386,946.086,2454482.984025662,2849435.6046289,6700.5050667618,3001.1664367173003
2000,289.66593123861566,7.115014675674849,424.66292270032636,43.28N_5.39E,Marseille,France,857789.418,44491481.0,113393433.2,0.842,948.21,2457181.96529808,2857150.342451,6646.9902461,2930.249422712
2001,289.576555936073,7.903004112852878,459.14197441660997,43.28N_5.39E,Marseille,France,863222.82418,44716804.6,116083328.32000001,0.8463999999999999,952.07,2481206.998819966,2886701.4365484,6607.1995021822,2902.3087570062003
2002,289.5657134703196,7.170137307623859,624.4127901933,43.28N_5.39E,Marseille,France,868656.2303599999,44942128.2,118773223.44,0.8508,955.9300000000001,2505232.032341852,2916252.5306458003,6567.408758264401,2874.3680913004
2003,290.244950913242,6.934535126412912,613.14160411,43.28N_5.39E,Marseille,France,874089.63654,45167451.8,121463118.56,0.8552,959.79,2529257.065863738,2945803.6247432,6527.6180143466,2846.4274255946
2004,289.3594706284153,7.347375342001079,488.13665174479996,43.28N_5.39E,Marseille,France,879523.0427199999,45392775.4,124153013.67999999,0.8596,963.65,2553282.099385624,2975354.7188406,6487.8272704288,2818.4867598888
2005,289.0886883561644,7.338058601357846,440.5375742993,43.28N_5.39E,Marseille,France,884956.4489,45618099.0,126842908.8,0.864,967.51,2577307.13290751,3004905.812938,6448.036526511,2790.546094183
2006,290.0829132420091,6.926410646799087,314.55086813397696,43.28N_5.39E,Marseille,France,888907.8716,45850451.8,129578967.58,0.8662,969.574,2531340.183087632,2954036.6636154,6313.750981089401,2808.2789966986
2007,289.36706050228315,7.23170791357404,407.4665539174,43.28N_5.39E,Marseille,France,892859.2943,46082804.6,132315026.36,0.8684,971.638,2485373.233267754,2903167.5142928,6179.4654356678,2826.0118992142
2008,289.37974954462663,7.32041861437027,595.4742508239716,43.28N_5.39E,Marseille,France,896810.7170000001,46315157.4,135051085.14,0.8706,973.702,2439406.283447876,2852298.3649702,6045.179890246201,2843.7448017297997
2009,289.83727739726027,7.313447306522426,558.7382702867269,43.28N_5.39E,Marseille,France,900762.1397,46547510.2,137787143.92,0.8728,975.7660000000001,2393439.333627998,2801429.2156476,5910.8943448246,2861.4777042453998
2010,288.79127397260277,7.6609321793059335,733.2408553832,43.28N_5.39E,Marseille,France,904713.5624,46779863.0,140523202.7,0.875,977.83,2347472.38380812,2750560.066325,5776.608799403,2879.210606761
2011,290.0019086757991,6.946721101554011,548.5645423891086,43.28N_5.39E,Marseille,France,906264.36878,46999525.0,141177887.72,0.8782,979.714,2256843.644117034,2650896.476295,5606.419596583,2789.7140292597996
2012,289.4816689435337,7.303055356720371,433.92226250908,43.28N_5.39E,Marseille,France,907815.17516,47219187.0,141832572.74,0.8814,981.5980000000001,2166214.904425948,2551232.886265,5436.230393763,2700.2174517586
2013,289.3551198630137,7.66234118895655,774.4460176018341,43.28N_5.39E,Marseille,France,909365.9815400001,47438849.0,142487257.76,0.8846,983.482,2075586.164734862,2451569.296235,5266.041190943,2610.7208742574
2014,290.2398710045662,7.351123754963939,548.1978019422,43.28N_5.39E,Marseille,France,910916.78792,47658511.0,143141942.78,0.8878,985.366,1984957.4250437762,2351905.706205,5095.851988123,2521.2242967562
2015,290.1283321917808,7.16847307781392,463.0433196447162,43.28N_5.39E,Marseille,France,912467.5943,47878173.0,143796627.8,0.891,987.25,1894328.68535269,2252242.116175,4925.662785303,2431.727719255
2016,289.99662340619307,7.358505129612723,392.58107911849135,43.28N_5.39E,Marseille,France,912467.5943,47878173.0,143796627.8,0.891,987.25,1894328.68535269,2252242.116175,4925.662785303,2431.727719255
2017,289.81951484018265,7.441581672023049,308.32156950810804,43.28N_5.39E,Marseille,France,912467.5943,47878173.0,143796627.8,0.891,987.25,1894328.68535269,2252242.116175,4925.662785303,2431.727719255
2018,290.55801027397257,7.063613198753224,658.0429282792896,43.28N_5.39E,Marseille,France,912467.5943,47878173.0,143796627.8,0.891,987.25,1894328.68535269,2252242.116175,4925.662785303,2431.727719255
1990,281.84415753424656,3.453712503111137,1563.4663946741177,43.64N_280.63E,Toronto,Canada,3534272.185,300517371.0,68154224.39,0.871,6306.68,36657396.184575,41139602.90325,98309.00778009,15522.65706396
1991,281.8969143835617,3.3154758359764007,1063.743293854968,43.64N_280.63E,Toronto,Canada,3596292.446,304797011.8,69834023.306,0.874,6414.696,37484754.6694273,42063247.076847,98693.386174269,15602.779063132699
1992,280.04973246812386,3.3119819762342964,1376.9794407233617,43.64N_280.63E,Toronto,Canada,3658312.707,309076652.6,71513822.222,0.877,6522.712,38312113.1542796,42986891.250444,99077.76456844801,15682.9010623054
1993,280.3037716894977,3.3970334135003797,1298.708105359457,43.64N_280.63E,Toronto,Canada,3720332.9680000003,313356293.4,73193621.138,0.88,6630.728,39139471.639131896,43910535.424041,99462.142962627,15763.0230614781
1994,280.2939178082192,3.3430127854319043,1318.874865375643,43.64N_280.63E,Toronto,Canada,3782353.2290000003,317635934.2,74873420.054,0.883,6738.744000000001,39966830.123984195,44834179.597638,99846.521356806,15843.1450606508
1995,280.548647260274,3.365000382213596,1157.621838395718,43.64N_280.63E,Toronto,Canada,3844373.49,321915575.0,76553218.97,0.886,6846.76,40794188.6088365,45757823.771235004,100230.899750985,15923.2670598235
1996,279.86879439890714,3.3677556513925206,1546.7113560315902,43.64N_280.63E,Toronto,Canada,3908153.705,326614004.6,80821543.372,0.8888,6959.474,41621547.0936888,46681467.944832,100615.278145164,16003.3890589962
1997,279.7582933789954,3.4774823544686218,1432.2378119277153,43.64N_280.63E,Toronto,Canada,3971933.92,331312434.2,85089867.774,0.8916000000000001,7072.188,42448905.5785411,47605112.118429,100999.656539343,16083.5110581689
1998,282.2301700913242,3.17000448271581,1239.676488660509,43.64N_280.63E,Toronto,Canada,4035714.1350000002,336010863.8,89358192.176,0.8944,7184.902,43276264.0633934,48528756.292026,101384.034933522,16163.6330573416
1999,281.21535502283103,3.4099390546536976,1141.581064285266,43.64N_280.63E,Toronto,Canada,4099494.35,340709293.4,93626516.57800001,0.8972,7297.616,44103622.5482457,49452400.465623,101768.413327701,16243.755056514301
2000,280.3305430327869,3.2728749907542865,1233.3739881170272,43.64N_280.63E,Toronto,Canada,4163274.565,345407723.0,97894840.98,0.9,7410.33,44930981.033098,50376044.63922,102152.79172188,16323.877055687
2001,281.41135273972606,3.3295831543583603,1035.5993929707402,43.64N_280.63E,Toronto,Canada,4229338.4742,347986752.8,99663371.024,0.902,7508.796,45738405.9830758,51219172.9981,100781.76204307198,15869.8135135002
2002,281.3924417808219,3.419528448780086,1337.760420033896,43.64N_280.63E,Toronto,Canada,4295402.3834,350565782.6,101431901.068,0.904,7607.262,46545830.9330536,52062301.356979996,99410.73236426397,15415.7499713134
2003,280.18691666666666,3.324921784721689,1371.8738713291002,43.64N_280.63E,Toronto,Canada,4361466.292599999,353144812.4,103200431.112,0.906,7705.728,47353255.8830314,52905429.71586,98039.70268545594,14961.6864291266
2004,280.7132126593807,3.3328942511920947,1419.711084079486,43.64N_280.63E,Toronto,Canada,4427530.2018,355723842.2,104968961.156,0.908,7804.1939999999995,48160680.8330092,53748558.07474,96668.67300664792,14507.6228869398
2005,281.04898744292234,3.134634022165299,1210.9717364003002,43.64N_280.63E,Toronto,Canada,4493594.111,358302872.0,106737491.2,0.91,7902.66,48968105.782987,54591686.43362,95297.6433278399,14053.559344753
2006,281.764,3.356413909523721,1419.8919760501424,43.64N_280.63E,Toronto,Canada,4565650.7484,361177317.0,107566312.9,0.9112,7988.0599999999995,46982545.18151,52499892.76709,90048.26050772992,14030.6163381992
2007,281.15121461187215,3.3439060860724306,1211.9837912405999,43.64N_280.63E,Toronto,Canada,4637707.3858,364051762.0,108395134.60000001,0.9124,8073.46,44996984.580033,50408099.10056,84798.87768761994,14007.6733316454
2008,280.4976423041894,3.338957913881759,1333.3868474637643,43.64N_280.63E,Toronto,Canada,4709764.0232,366926207.0,109223956.3,0.9136000000000001,8158.86,43011423.978556,48316305.43403,79549.49486750996,13984.7303250916
2009,280.52297260273974,3.280261854905452,1211.3690852903067,43.64N_280.63E,Toronto,Canada,4781820.6606,369800652.0,110052778.0,0.9148000000000001,8244.26,41025863.377078995,46224511.7675,74300.11204739998,13961.7873185378
2010,281.4875079908676,3.2959055875042296,1104.330868618192,43.64N_280.63E,Toronto,Canada,4853877.298,372675097.0,110881599.7,0.916,8329.66,39040302.775602,44132718.10097,69050.72922729,13938.844311984
2011,281.6519440639269,3.293555866359784,1555.0558955626022,43.64N_280.63E,Toronto,Canada,4907204.818,375345970.0,113280800.22,0.9194,8391.85,40088227.9781748,45295326.569282,68445.79962560399,14293.646425573199
2012,282.5759483151184,3.243776933612193,1226.121957856108,43.64N_280.63E,Toronto,Canada,4960532.338,378016843.0,115680000.74,0.9228000000000001,8454.04,41136153.1807476,46457935.037594,67840.87002391799,14648.4485391624
2013,280.7610776255708,3.38713601665721,1319.8526220779418,43.64N_280.63E,Toronto,Canada,5013859.858,380687716.0,118079201.26,0.9262,8516.23,42184078.3833204,47620543.505906,67235.940422232,15003.2506527516
2014,280.0117134703196,3.4502128964872516,1342.2098847740428,43.64N_280.63E,Toronto,Canada,5067187.3780000005,383358589.0,120478401.78,0.9296000000000001,8578.42,43232003.5858932,48783151.974217996,66631.010820546,15358.052766340801
2015,281.14878767123287,3.311928837335596,1165.8354648693755,43.64N_280.63E,Toronto,Canada,5120514.898,386029462.0,122877602.3,0.933,8640.61,44279928.788466,49945760.44253,66026.08121886,15712.85487993
2016,282.31110769581056,3.370162755907916,1200.0886246609518,43.64N_280.63E,Toronto,Canada,5120514.898,386029462.0,122877602.3,0.933,8640.61,44279928.788466,49945760.44253,66026.08121886,15712.85487993
2017,281.8663436073059,3.4395243192429006,1404.506813471239,43.64N_280.63E,Toronto,Canada,5120514.898,386029462.0,122877602.3,0.933,8640.61,44279928.788466,49945760.44253,66026.08121886,15712.85487993
2018,281.40854109589037,3.39218609330861,1555.3209537783532,43.64N_280.63E,Toronto,Canada,5120514.898,386029462.0,122877602.3,0.933,8640.61,44279928.788466,49945760.44253,66026.08121886,15712.85487993
1990,275.7784783105023,3.7439949943659605,507.71559777040943,51.03N_245.94E,Calgary,Canada,665495.6059,68908343.0,32587335.86,0.878,3222.38,4337136.8042883,4744706.07772,17633.36309719,2216.949648596
1991,276.478845890411,3.691160331662817,503.56137477126396,51.03N_245.94E,Calgary,Canada,678232.73874,70347224.2,33181198.952,0.881,3250.172,4463706.80266241,4891869.1605050005,17695.305439712,2251.1142177517
1992,276.33977572859743,3.6764978524600345,390.9135922175347,51.03N_245.94E,Calgary,Canada,690969.8715799999,71786105.4,33775062.044,0.884,3277.964,4590276.80103652,5039032.243290001,17757.247782233997,2285.2787869074
1993,276.02833447488587,3.6572637435227593,517.2700399702716,51.03N_245.94E,Calgary,Canada,703707.00442,73224986.6,34368925.136,0.887,3305.7560000000003,4716846.79941063,5186195.326075001,17819.190124755998,2319.4433560631
1994,275.2936963470319,3.8136603605980657,575.2219083213423,51.03N_245.94E,Calgary,Canada,716444.13726,74663867.8,34962788.228,0.89,3333.5480000000002,4843416.79778474,5333358.408860001,17881.132467278,2353.6079252188
1995,275.0769075342466,3.496938237140439,476.978749265204,51.03N_245.94E,Calgary,Canada,729181.2701,76102749.0,35556651.32,0.893,3361.34,4969986.79615885,5480521.491645001,17943.074809799997,2387.7724943744997
1996,273.21841530054644,3.9139480631371484,609.8703919544178,51.03N_245.94E,Calgary,Canada,750290.70884,77749887.4,38913749.266,0.8964,3452.168,5096556.79453296,5627684.57443,18005.017152321998,2421.9370635302
1997,276.3161107305936,3.950807989552517,530.6069155842147,51.03N_245.94E,Calgary,Canada,771400.14758,79397025.8,42270847.212,0.8998,3542.996,5223126.792907069,5774847.657215,18066.959494844,2456.1016326859
1998,276.75119520547946,3.397913915418008,420.030621810913,51.03N_245.94E,Calgary,Canada,792509.58632,81044164.2,45627945.158,0.9032,3633.824,5349696.7912811795,5922010.74,18128.901837366,2490.2662018416
1999,276.4411849315068,3.9502076048722476,472.3962606300345,51.03N_245.94E,Calgary,Canada,813619.02506,82691302.6,48985043.104,0.9066000000000001,3724.652,5476266.78965529,6069173.822785,18190.844179887998,2524.4307709973
2000,275.37907103825137,3.5219231815842336,567.4941032681047,51.03N_245.94E,Calgary,Canada,834728.4638,84338441.0,52342141.05,0.91,3815.48,5602836.7880294,6216336.90557,18252.78652241,2558.595340153
2001,277.12619977168947,3.6838439292681326,441.468110498661,51.03N_245.94E,Calgary,Canada,857772.24402,85483252.8,56324632.08,0.9136000000000001,3939.562,5940346.742732097,6564329.323449998,18293.910427404,2459.317884676
2002,275.83343949771694,3.687282814296828,313.900920597428,51.03N_245.94E,Calgary,Canada,880816.02424,86628064.6,60307123.11,0.9172,4063.6440000000002,6277856.697434796,6912321.741329996,18335.034332397998,2360.0404291990003
2003,275.6575547945206,3.6864153277482656,570.7683090856,51.03N_245.94E,Calgary,Canada,903859.80446,87772876.4,64289614.14,0.9208000000000001,4187.726000000001,6615366.652137494,7260314.159209995,18376.158237392,2260.7629737220004
2004,275.9524783697632,3.7781654845153247,576.692945643208,51.03N_245.94E,Calgary,Canada,926903.5846800001,88917688.2,68272105.17,0.9244,4311.808,6952876.606840191,7608306.577089992,18417.282142385997,2161.485518245
2005,276.701200913242,3.599248813004922,493.7907942361,51.03N_245.94E,Calgary,Canada,949947.3649,90062500.0,72254596.2,0.928,4435.89,7290386.56154289,7956298.99496999,18458.40604738,2062.208062768
2006,276.85512785388124,3.6572035912118492,533.061020937811,51.03N_245.94E,Calgary,Canada,973940.6689200001,91371605.8,73473667.248,0.929,4563.742,7359219.106124712,8022360.286325992,18070.134732804,2122.1047436288
2007,276.0580319634703,3.7648849561183226,429.543291056,51.03N_245.94E,Calgary,Canada,997933.97294,92680711.6,74692738.296,0.93,4691.594,7428051.650706534,8088421.577681994,17681.863418228,2182.0014244896
2008,275.6418602003643,3.6238750457341142,458.01044505502756,51.03N_245.94E,Calgary,Canada,1021927.27696,93989817.4,75911809.344,0.931,4819.446,7496884.195288355,8154482.869037996,17293.592103651998,2241.8981053504
2009,274.97022488584474,3.6741455789797497,390.50418393095424,51.03N_245.94E,Calgary,Canada,1045920.58098,95298923.2,77130880.392,0.932,4947.298,7565716.739870178,8220544.160393998,16905.320789076,2301.7947862112
2010,276.11761872146116,3.502055602540383,475.227140434712,51.03N_245.94E,Calgary,Canada,1069913.885,96608029.0,78349951.44,0.933,5075.15,7634549.284452,8286605.45175,16517.0494745,2361.691467072
2011,276.082247716895,3.8914505865368847,440.5739060680036,51.03N_245.94E,Calgary,Canada,1100149.513,97855270.6,82107707.258,0.9352,5243.87,7862538.749128798,8537011.945224,16205.022171573999,2444.8163398694
2012,276.152356557377,3.7315883250330484,617.446398677462,51.03N_245.94E,Calgary,Canada,1130385.141,99102512.2,85865463.076,0.9374,5412.59,8090528.213805595,8787418.438698001,15892.994868648,2527.9412126668
2013,275.93860616438354,3.7250974291120276,543.1187522140132,51.03N_245.94E,Calgary,Canada,1160620.7689999999,100349753.8,89623218.894,0.9396,5581.3099999999995,8318517.678482394,9037824.932172,15580.967565722,2611.0660854642
2014,275.7055662100456,3.6291672067463177,463.78891494555603,51.03N_245.94E,Calgary,Canada,1190856.3969999999,101596995.4,93380974.712,0.9418,5750.03,8546507.143159192,9288231.425646,15268.940262796,2694.1909582616
2015,277.41571461187215,3.6065893494154238,510.39445307052665,51.03N_245.94E,Calgary,Canada,1221092.025,102844237.0,97138730.53,0.944,5918.75,8774496.60783599,9538637.91912,14956.91295987,2777.315831059
2016,277.6190448542805,3.5541378210057637,579.3894485749945,51.03N_245.94E,Calgary,Canada,1221092.025,102844237.0,97138730.53,0.944,5918.75,8774496.60783599,9538637.91912,14956.91295987,2777.315831059
2017,276.1326232876712,3.8046300905810773,569.8361857757395,51.03N_245.94E,Calgary,Canada,1221092.025,102844237.0,97138730.53,0.944,5918.75,8774496.60783599,9538637.91912,14956.91295987,2777.315831059
2018,275.2601198630137,3.6862841092290073,598.7179391921239,51.03N_245.94E,Calgary,Canada,1221092.025,102844237.0,97138730.53,0.944,5918.75,8774496.60783599,9538637.91912,14956.91295987,2777.315831059
1990,284.0030365296804,7.876414842778138,966.2673695304965,51.5N_359.9E,London,United Kingdom,7217590.4,348527766.0,71103772.81,0.861039118,305043.71,37525830.4819623,45102119.69823,154338.84197471,14691.952905675
1991,283.4783276255708,7.369980490161126,888.9069987085727,51.5N_359.9E,London,United Kingdom,7265117.8112,350313757.2,72606696.418,0.8653141266,307034.87200000003,37175513.12528,44596397.381793,147845.987410902,13921.2561916661
1992,283.5993829690346,7.587385169152744,889.305681894025,51.5N_359.9E,London,United Kingdom,7312645.2224,352099748.4,74109620.026,0.8695891352,309026.03400000004,36825195.7685977,44090675.065356,141353.132847094,13150.5594776572
1993,283.3267214611872,7.464730991985463,1054.822278776649,51.5N_359.9E,London,United Kingdom,7360172.6336,353885739.6,75612543.634,0.8738641438,311017.196,36474878.4119154,43584952.748918995,134860.278283286,12379.8627636483
1994,283.58450342465756,7.755516553038927,1068.2154197377783,51.5N_359.9E,London,United Kingdom,7407700.0448,355671730.8,77115467.242,0.8781391524000001,313008.358,36124561.0552331,43079230.432482,128367.423719478,11609.1660496394
1995,284.0644805936073,7.5465848754007325,927.683597782373,51.5N_359.9E,London,United Kingdom,7455227.456,357457722.0,78618390.85,0.882414161,314999.52,35774243.698550805,42573508.116045,121874.56915567,10838.4693356305
1996,283.26170992714026,7.571729622766352,958.4011632541075,51.5N_359.9E,London,United Kingdom,7505038.6034,359280085.0,82371145.27,0.8891030418,317171.64,35423926.341868505,42067785.799608,115381.714591862,10067.7726216216
1997,284.12760730593607,7.139447036020512,971.3256591018196,51.5N_359.9E,London,United Kingdom,7554849.7508000005,361102448.0,86123899.69,0.8957919226,319343.76,35073608.985186204,41562063.483171,108888.860028054,9297.0759076127
1998,284.21441438356163,7.756855222743792,1111.3023686190331,51.5N_359.9E,London,United Kingdom,7604660.8982,362924811.0,89876654.11,0.9024808034,321515.88,34723291.628503904,41056341.166733995,102396.005464246,8526.3791936038
1999,284.0486609589041,7.633677482137248,943.8240927659853,51.5N_359.9E,London,United Kingdom,7654472.0456,364747174.0,93629408.53,0.9091696842,323688.0,34372974.2718216,40550618.850297,95903.15090043799,7755.6824795949
2000,283.79664617486344,7.522849718742832,1105.9713005145122,51.5N_359.9E,London,United Kingdom,7704283.193,366569537.0,97382162.95,0.915858565,325860.12,34022656.9151393,40044896.53386,89410.29633663,6984.985765586
2001,283.5230148401826,6.8896504880394,836.825075622541,51.5N_359.9E,London,United Kingdom,7763313.8786,367411427.8,99955905.54,0.9213789555999999,328507.466,34146957.12219922,39929925.252098,86251.53547726199,6641.3532207332
2002,284.163151826484,7.531246095346761,1147.187357699232,51.5N_359.9E,London,United Kingdom,7822344.5642,368253318.6,102529648.13000001,0.9268993461999999,331154.812,34271257.32925914,39814953.970336,83092.774617894,6297.7206758803995
2003,284.1213824200913,7.150329087620026,854.5300790609,51.5N_359.9E,London,United Kingdom,7881375.2498,369095209.4,105103390.72,0.9324197368,333802.158,34395557.53631906,39699982.688574,79934.013758526,5954.0881310276
2004,284.03892987249543,7.364158871794229,889.965577746096,51.5N_359.9E,London,United Kingdom,7940405.9354,369937100.2,107677133.31,0.9379401274,336449.50399999996,34519857.74337898,39585011.406812,76775.252899158,5610.4555861747995
2005,284.0836084474886,7.497095647939901,957.1967560175,51.5N_359.9E,London,United Kingdom,7999436.621,370778991.0,110250875.9,0.943460518,339096.85,34644157.9504389,39470040.12505,73616.49203979,5266.823041322
2006,284.1205456621005,7.318003807850191,1009.6586701309628,51.5N_359.9E,London,United Kingdom,8125281.2016,371638932.0,110633374.76,0.944929043,344549.61,34267071.17571676,38765712.176264,71146.249569324,5394.2413090938
2007,284.43149429223746,7.173004359402132,894.2845515144,51.5N_359.9E,London,United Kingdom,8251125.7822,372498873.0,111015873.62,0.946397568,350002.37,33889984.40099462,38061384.227478,68676.007098858,5521.6595768656
2008,283.7678745446266,7.571302581751733,1096.1553138410359,51.5N_359.9E,London,United Kingdom,8376970.3628,373358814.0,111398372.48,0.947866093,355455.13,33512897.62627248,37357056.278692,66205.764628392,5649.0778446374
2009,283.76688584474886,7.502084809543084,1126.2170866272377,51.5N_359.9E,London,United Kingdom,8502814.9434,374218755.0,111780871.34,0.949334618,360907.89,33135810.85155034,36652728.329905994,63735.522157926,5776.4961124092
2010,283.01755479452055,6.773583396635632,1079.988503300182,51.5N_359.9E,London,United Kingdom,8628659.524,375078696.0,112163370.2,0.950803143,366360.65,32758724.0768282,35948400.38112,61265.27968746,5903.914380181
2011,284.0219965753425,7.362478328287116,884.0849516854988,51.5N_359.9E,London,United Kingdom,8758691.4988,375872437.8,115411500.94,0.9524939068,371983.516,31425395.8758518,34536777.098427996,59324.941105288,5836.2195288382
2012,283.59025387067396,7.304440071282933,1222.69198545476,51.5N_359.9E,London,United Kingdom,8888723.4736,376666179.6,118659631.68,0.9541846706,377606.382,30092067.6748754,33125153.815735996,57384.602523116,5768.5246774954
2013,283.39200913242007,7.457057288335146,953.8401995590883,51.5N_359.9E,London,United Kingdom,9018755.4484,377459921.4,121907762.42,0.9558754344,383229.248,28758739.473899,31713530.533043995,55444.263940944,5700.8298261526
2014,284.30670433789953,7.298706470391782,1174.238467399747,51.5N_359.9E,London,United Kingdom,9148787.4232,378253663.2,125155893.16000001,0.9575661982,388852.114,27425411.272922598,30301907.250352,53503.925358772,5633.1349748098
2015,283.7124817351598,7.616986044047651,1069.2590989249384,51.5N_359.9E,London,United Kingdom,9278819.398,379047405.0,128404023.9,0.959256962,394474.98,26092083.0719462,28890283.96766,51563.5867766,5565.440123467
2016,284.05553506375225,7.137064537163042,1017.3199340708705,51.5N_359.9E,London,United Kingdom,9278819.398,379047405.0,128404023.9,0.959256962,394474.98,26092083.0719462,28890283.96766,51563.5867766,5565.440123467
2017,284.24905365296803,7.281213816559327,1076.0911409647852,51.5N_359.9E,London,United Kingdom,9278819.398,379047405.0,128404023.9,0.959256962,394474.98,26092083.0719462,28890283.96766,51563.5867766,5565.440123467
2018,283.84544634703195,7.240997701028775,1076.815807936374,51.5N_359.9E,London,United Kingdom,9278819.398,379047405.0,128404023.9,0.959256962,394474.98,26092083.0719462,28890283.96766,51563.5867766,5565.440123467
1990,281.69054337899547,4.245393463118693,888.0475617258161,59.92N_10.75E,Oslo,Norway,565066.1295,25430797.0,74162047.76,0.853,5268.74,1354179.85475028,2707402.29363,4076.09659246,2145.366945684
1991,280.6594143835617,3.8475439362653736,721.8031131146421,59.92N_10.75E,Oslo,Norway,572409.82412,25851441.0,77725041.24000001,0.86,5304.744,1375187.763187588,2712789.5068940003,4031.944993555,2186.4684525454
1992,281.07691939890714,3.947480537391967,751.70945658543,59.92N_10.75E,Oslo,Norway,579753.51874,26272085.0,81288034.72,0.867,5340.748,1396195.6716248961,2718176.720158,3987.79339465,2227.5699594067996
1993,279.8687625570776,3.9090659630549656,739.3272473665285,59.92N_10.75E,Oslo,Norway,587097.21336,26692729.0,84851028.2,0.874,5376.752,1417203.580062204,2723563.933422,3943.641795745,2268.6714662681998
1994,280.22610844748857,3.827610553406795,794.317228128571,59.92N_10.75E,Oslo,Norway,594440.90798,27113373.0,88414021.67999999,0.881,5412.756,1438211.488499512,2728951.1466860003,3899.49019684,2309.7729731296
1995,280.44114497716896,3.9535354835367604,815.4049950348899,59.92N_10.75E,Oslo,Norway,601784.6026,27534017.0,91977015.16,0.888,5448.76,1459219.39693682,2734338.3599500004,3855.338597935,2350.874479991
1996,279.27028916211293,3.6163085285040393,664.720817217529,59.92N_10.75E,Oslo,Norway,609087.00302,27966366.2,98059970.428,0.8966000000000001,5504.532,1480227.305374128,2739725.573214,3811.18699903,2391.9759868523997
1997,281.02692351598176,3.6734524017018604,725.2029896079597,59.92N_10.75E,Oslo,Norway,616389.40344,28398715.4,104142925.696,0.9052,5560.304,1501235.213811436,2745112.786478,3767.0354001250003,2433.0774937138
1998,280.331843607306,3.8551400672990632,903.95645465805,59.92N_10.75E,Oslo,Norway,623691.80386,28831064.6,110225880.964,0.9138000000000001,5616.076,1522243.122248744,2750499.9997420004,3722.88380122,2474.1790005752
1999,280.87112899543376,3.943450298750336,1154.1069664433637,59.92N_10.75E,Oslo,Norway,630994.2042800001,29263413.8,116308836.232,0.9224,5671.848,1543251.030686052,2755887.213006,3678.732202315,2515.2805074365997
2000,281.62388433515486,3.8507139657814764,1169.922863816324,59.92N_10.75E,Oslo,Norway,638296.6047,29695763.0,122391791.5,0.931,5727.62,1564258.93912336,2761274.42627,3634.58060341,2556.382014298
2001,280.15668493150685,3.6311375975886326,845.84899295199,59.92N_10.75E,Oslo,Norway,645615.12014,29943751.4,124697610.18,0.9356,5811.642,1603476.428130644,2775507.713976,3622.647046856,2606.618334284798
2002,280.9235273972603,3.670042956293075,849.8716793405499,59.92N_10.75E,Oslo,Norway,652933.63558,30191739.8,127003428.86,0.9402,5895.664,1642693.917137928,2789741.0016820002,3610.713490302,2656.854654271596
2003,280.6760171232877,3.62395396261308,812.3198739205,59.92N_10.75E,Oslo,Norway,660252.15102,30439728.2,129309247.54,0.9448,5979.686,1681911.406145212,2803974.289388,3598.779933748,2707.090974258394
2004,280.8139571948998,3.720263448866511,946.0329585045951,59.92N_10.75E,Oslo,Norway,667570.66646,30687716.6,131615066.22,0.9494,6063.708,1721128.8951524962,2818207.5770940003,3586.846377194,2757.3272942451918
2005,281.20058447488583,3.87095333820248,752.6244134894,59.92N_10.75E,Oslo,Norway,674889.1819,30935705.0,133920884.9,0.954,6147.73,1760346.38415978,2832440.8648,3574.91282064,2807.56361423199
2006,281.3620605022831,3.6485756855582046,1100.3144069408966,59.92N_10.75E,Oslo,Norway,687700.58546,31187578.2,133753810.34,0.9553999999999999,6272.708,1795714.5523378241,2894139.613096,3654.062117922,2864.538501547792
2007,281.3076198630137,3.8639718735351485,959.1824862289,59.92N_10.75E,Oslo,Norway,700511.98902,31439451.4,133586735.78,0.9568,6397.686,1831082.7205158682,2955838.361392,3733.211415204,2921.5133888635937
2008,281.65328665755925,3.841027876678462,1014.9888799170792,59.92N_10.75E,Oslo,Norway,713323.39258,31691324.6,133419661.22,0.9581999999999999,6522.664,1866450.888693912,3017537.109688,3812.360712486,2978.488276179396
2009,280.42786415525114,3.648107512725847,936.3974975628437,59.92N_10.75E,Oslo,Norway,726134.79614,31943197.8,133252586.66,0.9596,6647.642,1901819.056871956,3079235.857984,3891.5100097679997,3035.463163495198
2010,278.1034166666667,3.51534327047376,779.6074408324,59.92N_10.75E,Oslo,Norway,738946.1997,32195071.0,133085512.1,0.961,6772.62,1937187.22505,3140934.60628,3970.65930705,3092.438050811
2011,281.14572716894975,3.9520352967503434,1036.6787483951518,59.92N_10.75E,Oslo,Norway,750603.73456,32465542.2,135493006.0,0.9611999999999999,6885.8279999999995,1930488.4812248,2980933.2191459998,3982.4470343899998,2917.7024925692
2012,280.35644922586516,3.8358788961379613,1044.44565476909,59.92N_10.75E,Oslo,Norway,762261.26942,32736013.4,137900499.9,0.9613999999999999,6999.036,1923789.7373996,2820931.832012,3994.2347617299997,2742.9669343274
2013,280.4442385844749,3.8188874574341436,863.7677720494779,59.92N_10.75E,Oslo,Norway,773918.8042799999,33006484.6,140307993.79999998,0.9616,7112.244,1917090.9935744,2660930.444878,4006.02248907,2568.2313760856
2014,282.0471598173516,3.8477837184215042,1174.5144312216,59.92N_10.75E,Oslo,Norway,785576.3391399999,33276955.8,142715487.7,0.9618,7225.452,1910392.2497492,2500929.057744,4017.81021641,2393.4958178438
2015,281.50686872146116,4.314786184848351,1000.9094022749443,59.92N_10.75E,Oslo,Norway,797233.874,33547427.0,145122981.6,0.962,7338.66,1903693.505924,2340927.67061,4029.59794375,2218.760259602
2016,281.03541780510017,3.868146636281801,766.1930216548149,59.92N_10.75E,Oslo,Norway,797233.874,33547427.0,145122981.6,0.962,7338.66,1903693.505924,2340927.67061,4029.59794375,2218.760259602
2017,281.14653767123286,3.906407419851986,867.359528851717,59.92N_10.75E,Oslo,Norway,797233.874,33547427.0,145122981.6,0.962,7338.66,1903693.505924,2340927.67061,4029.59794375,2218.760259602
2018,281.4878961187215,3.7383516936613432,692.0242192152177,59.92N_10.75E,Oslo,Norway,797233.874,33547427.0,145122981.6,0.962,7338.66,1903693.505924,2340927.67061,4029.59794375,2218.760259602
